{
    "output_path": "/home/wtc8/Sathvik/codebase/synthesis/limmits_24/LIMMITS-24-Coquiai/recipes/syspin/yourtts",
    "logger_uri": null,
    "run_name": "yourtts_syspin_vctk_track2_1hr_per_spk",
    "project_name": "YourTTS",
    "run_description": "\n            - Original YourTTS trained using VCTK dataset\n        ",
    "print_step": 50,
    "plot_step": 100,
    "model_param_stats": false,
    "wandb_entity": null,
    "dashboard_logger": "tensorboard",
    "log_model_step": 1000,
    "save_step": 5000,
    "save_n_checkpoints": 2,
    "save_checkpoints": true,
    "save_all_best": false,
    "save_best_after": 10000,
    "target_loss": "loss_1",
    "print_eval": false,
    "test_delay_epochs": 0,
    "run_eval": true,
    "run_eval_steps": null,
    "distributed_backend": "nccl",
    "distributed_url": "tcp://localhost:54321",
    "mixed_precision": false,
    "epochs": 1000,
    "batch_size": 32,
    "eval_batch_size": 32,
    "grad_clip": [
        1000.0,
        1000.0
    ],
    "scheduler_after_epoch": true,
    "lr": 0.001,
    "optimizer": "AdamW",
    "optimizer_params": {
        "betas": [
            0.8,
            0.99
        ],
        "eps": 1e-09,
        "weight_decay": 0.01
    },
    "lr_scheduler": null,
    "lr_scheduler_params": {},
    "use_grad_scaler": false,
    "cudnn_enable": true,
    "cudnn_deterministic": false,
    "cudnn_benchmark": false,
    "training_seed": 54321,
    "model": "vits",
    "num_loader_workers": 8,
    "num_eval_loader_workers": 0,
    "use_noise_augment": false,
    "audio": {
        "fft_size": 1024,
        "sample_rate": 16000,
        "win_length": 1024,
        "hop_length": 256,
        "num_mels": 80,
        "mel_fmin": 0,
        "mel_fmax": null
    },
    "use_phonemes": false,
    "phonemizer": "espeak",
    "phoneme_language": "en",
    "compute_input_seq_cache": true,
    "text_cleaner": "multilingual_cleaners",
    "enable_eos_bos_chars": false,
    "test_sentences_file": "",
    "phoneme_cache_path": null,
    "characters": {
        "characters_class": "TTS.tts.models.vits.VitsCharacters",
        "vocab_dict": null,
        "pad": "_",
        "eos": "&",
        "bos": "*",
        "blank": null,
        "characters": "6\u0972\u0cb2a\u0c02\u0ce9;\u09cc\u09374\u09a4\u09ad\u0c10\u0ca2\u0c24\u09ae\u0932\u0995\u0920\u0c4a\u0c06\u0982\u0cae\u095e\u098f \u090b\u0c05\u0cc8/\u09ed\u092f`\u09487\u09ea\u0cb89\u091al\u0c09\u09ee{\u0cec\u09a7T\u0949\u0923\u0c42\u09ec\u0c27\u0cbeb\u0ca40\u0c0b\u0ca6y\u0cca\u0918\u0986\u095c\u09a6\u09ac\u09f0P\u0966\u096d\u0ccb.\u0933\u0cb0\u0ca1\u0c2e\u09dd\u0cb6k\u09af\u0c07\u093f\u0914\u09ce\u0c14\u092c\u09aa\u00ad\u09a3\u09c8h\u0cc3\u0c48KLz\u0ca8\u094c\u092d\u0905\u099b\u091c\u0c40j\u0cc7\u094b\u0990\u091e\u09a5\u0ce6\u0926\u09e6\u0cc6\u0c46\u090d\u0c8f3\u0c43\u0909\u0c35In\u0cac\u0947\u0c3f\u0c2b\u0916\u0c4d\u0c13:\u0924\u094d\u0cc2QH\u0cc0\u0c38\u0ca7\u0cc1&\u2018\u0ccd\u0c41\u0c1a\u200b\u096a\u0c94\u090a\u0ceb\u0c9b\u09f1\u0c89\u09b0\u0c30\u092b\u096e\u0c0a\u09be\u0943\u09c2\u0c36\u0c9f\u09ab\u09c0\u0999\u09b6\t)\u200dZ\u09b2\u0c1d\u096b8\u0cef\u0945\u09c3\u0919U\u0917\u0caau\u0946\u0985\u092a\u200c\u0c12s\u099e\u09ca\u0c08\u0989VJ\u0c25\u09e7\u0938\u0936\u0c37\u2014\u0c9a\u099aA\u0929}\u0ccci\u093e\u095a\u0ce7o\u0cb3\u0ca5\u0c31\u0c15\u09dc\u0910-\u0988t\u0c1e\u0c9d\u0928]\u09a0\u0942\u093c\u0901\u0940p\u0c87\u0c22\u0cbf\u0cea\u201c\u0ced\u098aq\u0cb5\u2009\u0c20\u0930\u09b8\u2019\u09d7\u0c1cYBE\u0c82\u0997\u0c2c\u091b\u0cab2\u0c92O\u0cadF'\u0c83\u09e8%e\u0939\u0c23\u09f7\u0c4c\u0921\u0c3e\u0c0f\u09e9R\u0c86!S\u09c1DX\u090f\u0c97\u0c8e\u095dG\u0911\u0c16\u0996\u0c26\u0c90\u0cee\u09155W\u098b\u0c96M\"\u0964[\u09df\u2013r\u0ce8\u092e\u0c17\u0c0e\u0caf\u0c93\u0960\u02bc\u09a1\u09c7\u0c03\u0c32\u0c2a|?\u099cN\u0c88\u0c1f\u0ca0\u091f\u0906\u0958\u0907\u0994\u0987\u0c95xc\u09eb1(,\u0c8a\u099d\u0c98\u09a2\u09cdm\u0c2f\u0922\u098e\u096c\u0931\u0c28\u0c18\u0998\u09bf\u0927\u0cd5\u0941\u0902\u0908\u0935\u09cb\u00b0\u091d\u09bc\u0903\u0983\u0925\u0c33\u09b5\u0c4bC\u0c9cv\u0c9e\u09b9\u095f\u0c85\u0c8bg\u0993\u099f\u096fw\u201d\u0cb7=\u09b7\u0969\u0981\u0cbd\u0c2dfd\u0c39\u0ca3\u0c21\u09a8\u0913\u0cb9\u0959\u0c1b\u095b\u0967\u09ef\u0c47\u0968\u09c6",
        "punctuations": "!'(),-.:;? ",
        "phonemes": "",
        "is_unique": true,
        "is_sorted": true
    },
    "add_blank": true,
    "batch_group_size": 48,
    "loss_masking": null,
    "min_audio_len": 1,
    "max_audio_len": Infinity,
    "min_text_len": 1,
    "max_text_len": Infinity,
    "compute_f0": false,
    "compute_energy": false,
    "compute_linear_spec": true,
    "precompute_num_workers": 12,
    "start_by_longest": true,
    "shuffle": false,
    "drop_last": false,
    "datasets": [
        {
            "formatter": "syspin_ml",
            "dataset_name": "",
            "path": "model_related_t2/English_299",
            "meta_file_train": "track2_manifest_syspin_vctk/English_299.tsv",
            "ignored_speakers": null,
            "language": "English",
            "phonemizer": "",
            "meta_file_val": "",
            "meta_file_attn_mask": ""
        },
        {
            "formatter": "syspin_ml",
            "dataset_name": "",
            "path": "model_related_t2/English_374",
            "meta_file_train": "track2_manifest_syspin_vctk/English_374.tsv",
            "ignored_speakers": null,
            "language": "English",
            "phonemizer": "",
            "meta_file_val": "",
            "meta_file_attn_mask": ""
        },
        {
            "formatter": "syspin_ml",
            "dataset_name": "",
            "path": "model_related_t2/English_302",
            "meta_file_train": "track2_manifest_syspin_vctk/English_302.tsv",
            "ignored_speakers": null,
            "language": "English",
            "phonemizer": "",
            "meta_file_val": "",
            "meta_file_attn_mask": ""
        },
        {
            "formatter": "syspin_ml",
            "dataset_name": "",
            "path": "model_related_t2/Telugu_Female",
            "meta_file_train": "track2_manifest_syspin_vctk/Telugu_Female.tsv",
            "ignored_speakers": null,
            "language": "Telugu",
            "phonemizer": "",
            "meta_file_val": "",
            "meta_file_attn_mask": ""
        },
        {
            "formatter": "syspin_ml",
            "dataset_name": "",
            "path": "model_related_t2/English_251",
            "meta_file_train": "track2_manifest_syspin_vctk/English_251.tsv",
            "ignored_speakers": null,
            "language": "English",
            "phonemizer": "",
            "meta_file_val": "",
            "meta_file_attn_mask": ""
        },
        {
            "formatter": "syspin_ml",
            "dataset_name": "",
            "path": "model_related_t2/English_286",
            "meta_file_train": "track2_manifest_syspin_vctk/English_286.tsv",
            "ignored_speakers": null,
            "language": "English",
            "phonemizer": "",
            "meta_file_val": "",
            "meta_file_attn_mask": ""
        },
        {
            "formatter": "syspin_ml",
            "dataset_name": "",
            "path": "model_related_t2/English_267",
            "meta_file_train": "track2_manifest_syspin_vctk/English_267.tsv",
            "ignored_speakers": null,
            "language": "English",
            "phonemizer": "",
            "meta_file_val": "",
            "meta_file_attn_mask": ""
        },
        {
            "formatter": "syspin_ml",
            "dataset_name": "",
            "path": "model_related_t2/English_277",
            "meta_file_train": "track2_manifest_syspin_vctk/English_277.tsv",
            "ignored_speakers": null,
            "language": "English",
            "phonemizer": "",
            "meta_file_val": "",
            "meta_file_attn_mask": ""
        },
        {
            "formatter": "syspin_ml",
            "dataset_name": "",
            "path": "model_related_t2/English_343",
            "meta_file_train": "track2_manifest_syspin_vctk/English_343.tsv",
            "ignored_speakers": null,
            "language": "English",
            "phonemizer": "",
            "meta_file_val": "",
            "meta_file_attn_mask": ""
        },
        {
            "formatter": "syspin_ml",
            "dataset_name": "",
            "path": "model_related_t2/Chhattisgarhi_Female",
            "meta_file_train": "track2_manifest_syspin_vctk/Chhattisgarhi_Female.tsv",
            "ignored_speakers": null,
            "language": "Chhattisgarhi",
            "phonemizer": "",
            "meta_file_val": "",
            "meta_file_attn_mask": ""
        },
        {
            "formatter": "syspin_ml",
            "dataset_name": "",
            "path": "model_related_t2/English_376",
            "meta_file_train": "track2_manifest_syspin_vctk/English_376.tsv",
            "ignored_speakers": null,
            "language": "English",
            "phonemizer": "",
            "meta_file_val": "",
            "meta_file_attn_mask": ""
        },
        {
            "formatter": "syspin_ml",
            "dataset_name": "",
            "path": "model_related_t2/English_285",
            "meta_file_train": "track2_manifest_syspin_vctk/English_285.tsv",
            "ignored_speakers": null,
            "language": "English",
            "phonemizer": "",
            "meta_file_val": "",
            "meta_file_attn_mask": ""
        },
        {
            "formatter": "syspin_ml",
            "dataset_name": "",
            "path": "model_related_t2/English_230",
            "meta_file_train": "track2_manifest_syspin_vctk/English_230.tsv",
            "ignored_speakers": null,
            "language": "English",
            "phonemizer": "",
            "meta_file_val": "",
            "meta_file_attn_mask": ""
        },
        {
            "formatter": "syspin_ml",
            "dataset_name": "",
            "path": "model_related_t2/English_311",
            "meta_file_train": "track2_manifest_syspin_vctk/English_311.tsv",
            "ignored_speakers": null,
            "language": "English",
            "phonemizer": "",
            "meta_file_val": "",
            "meta_file_attn_mask": ""
        },
        {
            "formatter": "syspin_ml",
            "dataset_name": "",
            "path": "model_related_t2/English_227",
            "meta_file_train": "track2_manifest_syspin_vctk/English_227.tsv",
            "ignored_speakers": null,
            "language": "English",
            "phonemizer": "",
            "meta_file_val": "",
            "meta_file_attn_mask": ""
        },
        {
            "formatter": "syspin_ml",
            "dataset_name": "",
            "path": "model_related_t2/English_284",
            "meta_file_train": "track2_manifest_syspin_vctk/English_284.tsv",
            "ignored_speakers": null,
            "language": "English",
            "phonemizer": "",
            "meta_file_val": "",
            "meta_file_attn_mask": ""
        },
        {
            "formatter": "syspin_ml",
            "dataset_name": "",
            "path": "model_related_t2/English_297",
            "meta_file_train": "track2_manifest_syspin_vctk/English_297.tsv",
            "ignored_speakers": null,
            "language": "English",
            "phonemizer": "",
            "meta_file_val": "",
            "meta_file_attn_mask": ""
        },
        {
            "formatter": "syspin_ml",
            "dataset_name": "",
            "path": "model_related_t2/English_300",
            "meta_file_train": "track2_manifest_syspin_vctk/English_300.tsv",
            "ignored_speakers": null,
            "language": "English",
            "phonemizer": "",
            "meta_file_val": "",
            "meta_file_attn_mask": ""
        },
        {
            "formatter": "syspin_ml",
            "dataset_name": "",
            "path": "model_related_t2/English_288",
            "meta_file_train": "track2_manifest_syspin_vctk/English_288.tsv",
            "ignored_speakers": null,
            "language": "English",
            "phonemizer": "",
            "meta_file_val": "",
            "meta_file_attn_mask": ""
        },
        {
            "formatter": "syspin_ml",
            "dataset_name": "",
            "path": "model_related_t2/English_244",
            "meta_file_train": "track2_manifest_syspin_vctk/English_244.tsv",
            "ignored_speakers": null,
            "language": "English",
            "phonemizer": "",
            "meta_file_val": "",
            "meta_file_attn_mask": ""
        },
        {
            "formatter": "syspin_ml",
            "dataset_name": "",
            "path": "model_related_t2/English_316",
            "meta_file_train": "track2_manifest_syspin_vctk/English_316.tsv",
            "ignored_speakers": null,
            "language": "English",
            "phonemizer": "",
            "meta_file_val": "",
            "meta_file_attn_mask": ""
        },
        {
            "formatter": "syspin_ml",
            "dataset_name": "",
            "path": "model_related_t2/English_334",
            "meta_file_train": "track2_manifest_syspin_vctk/English_334.tsv",
            "ignored_speakers": null,
            "language": "English",
            "phonemizer": "",
            "meta_file_val": "",
            "meta_file_attn_mask": ""
        },
        {
            "formatter": "syspin_ml",
            "dataset_name": "",
            "path": "model_related_t2/English_298",
            "meta_file_train": "track2_manifest_syspin_vctk/English_298.tsv",
            "ignored_speakers": null,
            "language": "English",
            "phonemizer": "",
            "meta_file_val": "",
            "meta_file_attn_mask": ""
        },
        {
            "formatter": "syspin_ml",
            "dataset_name": "",
            "path": "model_related_t2/English_333",
            "meta_file_train": "track2_manifest_syspin_vctk/English_333.tsv",
            "ignored_speakers": null,
            "language": "English",
            "phonemizer": "",
            "meta_file_val": "",
            "meta_file_attn_mask": ""
        },
        {
            "formatter": "syspin_ml",
            "dataset_name": "",
            "path": "model_related_t2/English_265",
            "meta_file_train": "track2_manifest_syspin_vctk/English_265.tsv",
            "ignored_speakers": null,
            "language": "English",
            "phonemizer": "",
            "meta_file_val": "",
            "meta_file_attn_mask": ""
        },
        {
            "formatter": "syspin_ml",
            "dataset_name": "",
            "path": "model_related_t2/English_229",
            "meta_file_train": "track2_manifest_syspin_vctk/English_229.tsv",
            "ignored_speakers": null,
            "language": "English",
            "phonemizer": "",
            "meta_file_val": "",
            "meta_file_attn_mask": ""
        },
        {
            "formatter": "syspin_ml",
            "dataset_name": "",
            "path": "model_related_t2/Kannada_Male",
            "meta_file_train": "track2_manifest_syspin_vctk/Kannada_Male.tsv",
            "ignored_speakers": null,
            "language": "Kannada",
            "phonemizer": "",
            "meta_file_val": "",
            "meta_file_attn_mask": ""
        },
        {
            "formatter": "syspin_ml",
            "dataset_name": "",
            "path": "model_related_t2/Hindi_Male",
            "meta_file_train": "track2_manifest_syspin_vctk/Hindi_Male.tsv",
            "ignored_speakers": null,
            "language": "Hindi",
            "phonemizer": "",
            "meta_file_val": "",
            "meta_file_attn_mask": ""
        },
        {
            "formatter": "syspin_ml",
            "dataset_name": "",
            "path": "model_related_t2/English_287",
            "meta_file_train": "track2_manifest_syspin_vctk/English_287.tsv",
            "ignored_speakers": null,
            "language": "English",
            "phonemizer": "",
            "meta_file_val": "",
            "meta_file_attn_mask": ""
        },
        {
            "formatter": "syspin_ml",
            "dataset_name": "",
            "path": "model_related_t2/Kannada_Female",
            "meta_file_train": "track2_manifest_syspin_vctk/Kannada_Female.tsv",
            "ignored_speakers": null,
            "language": "Kannada",
            "phonemizer": "",
            "meta_file_val": "",
            "meta_file_attn_mask": ""
        },
        {
            "formatter": "syspin_ml",
            "dataset_name": "",
            "path": "model_related_t2/English_271",
            "meta_file_train": "track2_manifest_syspin_vctk/English_271.tsv",
            "ignored_speakers": null,
            "language": "English",
            "phonemizer": "",
            "meta_file_val": "",
            "meta_file_attn_mask": ""
        },
        {
            "formatter": "syspin_ml",
            "dataset_name": "",
            "path": "model_related_t2/English_Male",
            "meta_file_train": "track2_manifest_syspin_vctk/English_Male.tsv",
            "ignored_speakers": null,
            "language": "English",
            "phonemizer": "",
            "meta_file_val": "",
            "meta_file_attn_mask": ""
        },
        {
            "formatter": "syspin_ml",
            "dataset_name": "",
            "path": "model_related_t2/English_262",
            "meta_file_train": "track2_manifest_syspin_vctk/English_262.tsv",
            "ignored_speakers": null,
            "language": "English",
            "phonemizer": "",
            "meta_file_val": "",
            "meta_file_attn_mask": ""
        },
        {
            "formatter": "syspin_ml",
            "dataset_name": "",
            "path": "model_related_t2/English_360",
            "meta_file_train": "track2_manifest_syspin_vctk/English_360.tsv",
            "ignored_speakers": null,
            "language": "English",
            "phonemizer": "",
            "meta_file_val": "",
            "meta_file_attn_mask": ""
        },
        {
            "formatter": "syspin_ml",
            "dataset_name": "",
            "path": "model_related_t2/English_281",
            "meta_file_train": "track2_manifest_syspin_vctk/English_281.tsv",
            "ignored_speakers": null,
            "language": "English",
            "phonemizer": "",
            "meta_file_val": "",
            "meta_file_attn_mask": ""
        },
        {
            "formatter": "syspin_ml",
            "dataset_name": "",
            "path": "model_related_t2/English_260",
            "meta_file_train": "track2_manifest_syspin_vctk/English_260.tsv",
            "ignored_speakers": null,
            "language": "English",
            "phonemizer": "",
            "meta_file_val": "",
            "meta_file_attn_mask": ""
        },
        {
            "formatter": "syspin_ml",
            "dataset_name": "",
            "path": "model_related_t2/English_272",
            "meta_file_train": "track2_manifest_syspin_vctk/English_272.tsv",
            "ignored_speakers": null,
            "language": "English",
            "phonemizer": "",
            "meta_file_val": "",
            "meta_file_attn_mask": ""
        },
        {
            "formatter": "syspin_ml",
            "dataset_name": "",
            "path": "model_related_t2/English_241",
            "meta_file_train": "track2_manifest_syspin_vctk/English_241.tsv",
            "ignored_speakers": null,
            "language": "English",
            "phonemizer": "",
            "meta_file_val": "",
            "meta_file_attn_mask": ""
        },
        {
            "formatter": "syspin_ml",
            "dataset_name": "",
            "path": "model_related_t2/English_308",
            "meta_file_train": "track2_manifest_syspin_vctk/English_308.tsv",
            "ignored_speakers": null,
            "language": "English",
            "phonemizer": "",
            "meta_file_val": "",
            "meta_file_attn_mask": ""
        },
        {
            "formatter": "syspin_ml",
            "dataset_name": "",
            "path": "model_related_t2/English_301",
            "meta_file_train": "track2_manifest_syspin_vctk/English_301.tsv",
            "ignored_speakers": null,
            "language": "English",
            "phonemizer": "",
            "meta_file_val": "",
            "meta_file_attn_mask": ""
        },
        {
            "formatter": "syspin_ml",
            "dataset_name": "",
            "path": "model_related_t2/English_307",
            "meta_file_train": "track2_manifest_syspin_vctk/English_307.tsv",
            "ignored_speakers": null,
            "language": "English",
            "phonemizer": "",
            "meta_file_val": "",
            "meta_file_attn_mask": ""
        },
        {
            "formatter": "syspin_ml",
            "dataset_name": "",
            "path": "model_related_t2/English_257",
            "meta_file_train": "track2_manifest_syspin_vctk/English_257.tsv",
            "ignored_speakers": null,
            "language": "English",
            "phonemizer": "",
            "meta_file_val": "",
            "meta_file_attn_mask": ""
        },
        {
            "formatter": "syspin_ml",
            "dataset_name": "",
            "path": "model_related_t2/English_254",
            "meta_file_train": "track2_manifest_syspin_vctk/English_254.tsv",
            "ignored_speakers": null,
            "language": "English",
            "phonemizer": "",
            "meta_file_val": "",
            "meta_file_attn_mask": ""
        },
        {
            "formatter": "syspin_ml",
            "dataset_name": "",
            "path": "model_related_t2/English_228",
            "meta_file_train": "track2_manifest_syspin_vctk/English_228.tsv",
            "ignored_speakers": null,
            "language": "English",
            "phonemizer": "",
            "meta_file_val": "",
            "meta_file_attn_mask": ""
        },
        {
            "formatter": "syspin_ml",
            "dataset_name": "",
            "path": "model_related_t2/English_243",
            "meta_file_train": "track2_manifest_syspin_vctk/English_243.tsv",
            "ignored_speakers": null,
            "language": "English",
            "phonemizer": "",
            "meta_file_val": "",
            "meta_file_attn_mask": ""
        },
        {
            "formatter": "syspin_ml",
            "dataset_name": "",
            "path": "model_related_t2/English_232",
            "meta_file_train": "track2_manifest_syspin_vctk/English_232.tsv",
            "ignored_speakers": null,
            "language": "English",
            "phonemizer": "",
            "meta_file_val": "",
            "meta_file_attn_mask": ""
        },
        {
            "formatter": "syspin_ml",
            "dataset_name": "",
            "path": "model_related_t2/English_237",
            "meta_file_train": "track2_manifest_syspin_vctk/English_237.tsv",
            "ignored_speakers": null,
            "language": "English",
            "phonemizer": "",
            "meta_file_val": "",
            "meta_file_attn_mask": ""
        },
        {
            "formatter": "syspin_ml",
            "dataset_name": "",
            "path": "model_related_t2/English_236",
            "meta_file_train": "track2_manifest_syspin_vctk/English_236.tsv",
            "ignored_speakers": null,
            "language": "English",
            "phonemizer": "",
            "meta_file_val": "",
            "meta_file_attn_mask": ""
        },
        {
            "formatter": "syspin_ml",
            "dataset_name": "",
            "path": "model_related_t2/English_273",
            "meta_file_train": "track2_manifest_syspin_vctk/English_273.tsv",
            "ignored_speakers": null,
            "language": "English",
            "phonemizer": "",
            "meta_file_val": "",
            "meta_file_attn_mask": ""
        },
        {
            "formatter": "syspin_ml",
            "dataset_name": "",
            "path": "model_related_t2/English_240",
            "meta_file_train": "track2_manifest_syspin_vctk/English_240.tsv",
            "ignored_speakers": null,
            "language": "English",
            "phonemizer": "",
            "meta_file_val": "",
            "meta_file_attn_mask": ""
        },
        {
            "formatter": "syspin_ml",
            "dataset_name": "",
            "path": "model_related_t2/English_266",
            "meta_file_train": "track2_manifest_syspin_vctk/English_266.tsv",
            "ignored_speakers": null,
            "language": "English",
            "phonemizer": "",
            "meta_file_val": "",
            "meta_file_attn_mask": ""
        },
        {
            "formatter": "syspin_ml",
            "dataset_name": "",
            "path": "model_related_t2/English_304",
            "meta_file_train": "track2_manifest_syspin_vctk/English_304.tsv",
            "ignored_speakers": null,
            "language": "English",
            "phonemizer": "",
            "meta_file_val": "",
            "meta_file_attn_mask": ""
        },
        {
            "formatter": "syspin_ml",
            "dataset_name": "",
            "path": "model_related_t2/English_341",
            "meta_file_train": "track2_manifest_syspin_vctk/English_341.tsv",
            "ignored_speakers": null,
            "language": "English",
            "phonemizer": "",
            "meta_file_val": "",
            "meta_file_attn_mask": ""
        },
        {
            "formatter": "syspin_ml",
            "dataset_name": "",
            "path": "model_related_t2/English_310",
            "meta_file_train": "track2_manifest_syspin_vctk/English_310.tsv",
            "ignored_speakers": null,
            "language": "English",
            "phonemizer": "",
            "meta_file_val": "",
            "meta_file_attn_mask": ""
        },
        {
            "formatter": "syspin_ml",
            "dataset_name": "",
            "path": "model_related_t2/English_276",
            "meta_file_train": "track2_manifest_syspin_vctk/English_276.tsv",
            "ignored_speakers": null,
            "language": "English",
            "phonemizer": "",
            "meta_file_val": "",
            "meta_file_attn_mask": ""
        },
        {
            "formatter": "syspin_ml",
            "dataset_name": "",
            "path": "model_related_t2/English_246",
            "meta_file_train": "track2_manifest_syspin_vctk/English_246.tsv",
            "ignored_speakers": null,
            "language": "English",
            "phonemizer": "",
            "meta_file_val": "",
            "meta_file_attn_mask": ""
        },
        {
            "formatter": "syspin_ml",
            "dataset_name": "",
            "path": "model_related_t2/English_274",
            "meta_file_train": "track2_manifest_syspin_vctk/English_274.tsv",
            "ignored_speakers": null,
            "language": "English",
            "phonemizer": "",
            "meta_file_val": "",
            "meta_file_attn_mask": ""
        },
        {
            "formatter": "syspin_ml",
            "dataset_name": "",
            "path": "model_related_t2/English_363",
            "meta_file_train": "track2_manifest_syspin_vctk/English_363.tsv",
            "ignored_speakers": null,
            "language": "English",
            "phonemizer": "",
            "meta_file_val": "",
            "meta_file_attn_mask": ""
        },
        {
            "formatter": "syspin_ml",
            "dataset_name": "",
            "path": "model_related_t2/English_336",
            "meta_file_train": "track2_manifest_syspin_vctk/English_336.tsv",
            "ignored_speakers": null,
            "language": "English",
            "phonemizer": "",
            "meta_file_val": "",
            "meta_file_attn_mask": ""
        },
        {
            "formatter": "syspin_ml",
            "dataset_name": "",
            "path": "model_related_t2/English_303",
            "meta_file_train": "track2_manifest_syspin_vctk/English_303.tsv",
            "ignored_speakers": null,
            "language": "English",
            "phonemizer": "",
            "meta_file_val": "",
            "meta_file_attn_mask": ""
        },
        {
            "formatter": "syspin_ml",
            "dataset_name": "",
            "path": "model_related_t2/English_351",
            "meta_file_train": "track2_manifest_syspin_vctk/English_351.tsv",
            "ignored_speakers": null,
            "language": "English",
            "phonemizer": "",
            "meta_file_val": "",
            "meta_file_attn_mask": ""
        },
        {
            "formatter": "syspin_ml",
            "dataset_name": "",
            "path": "model_related_t2/English_329",
            "meta_file_train": "track2_manifest_syspin_vctk/English_329.tsv",
            "ignored_speakers": null,
            "language": "English",
            "phonemizer": "",
            "meta_file_val": "",
            "meta_file_attn_mask": ""
        },
        {
            "formatter": "syspin_ml",
            "dataset_name": "",
            "path": "model_related_t2/English_268",
            "meta_file_train": "track2_manifest_syspin_vctk/English_268.tsv",
            "ignored_speakers": null,
            "language": "English",
            "phonemizer": "",
            "meta_file_val": "",
            "meta_file_attn_mask": ""
        },
        {
            "formatter": "syspin_ml",
            "dataset_name": "",
            "path": "model_related_t2/English_226",
            "meta_file_train": "track2_manifest_syspin_vctk/English_226.tsv",
            "ignored_speakers": null,
            "language": "English",
            "phonemizer": "",
            "meta_file_val": "",
            "meta_file_attn_mask": ""
        },
        {
            "formatter": "syspin_ml",
            "dataset_name": "",
            "path": "model_related_t2/English_238",
            "meta_file_train": "track2_manifest_syspin_vctk/English_238.tsv",
            "ignored_speakers": null,
            "language": "English",
            "phonemizer": "",
            "meta_file_val": "",
            "meta_file_attn_mask": ""
        },
        {
            "formatter": "syspin_ml",
            "dataset_name": "",
            "path": "model_related_t2/English_253",
            "meta_file_train": "track2_manifest_syspin_vctk/English_253.tsv",
            "ignored_speakers": null,
            "language": "English",
            "phonemizer": "",
            "meta_file_val": "",
            "meta_file_attn_mask": ""
        },
        {
            "formatter": "syspin_ml",
            "dataset_name": "",
            "path": "model_related_t2/English_279",
            "meta_file_train": "track2_manifest_syspin_vctk/English_279.tsv",
            "ignored_speakers": null,
            "language": "English",
            "phonemizer": "",
            "meta_file_val": "",
            "meta_file_attn_mask": ""
        },
        {
            "formatter": "syspin_ml",
            "dataset_name": "",
            "path": "model_related_t2/English_275",
            "meta_file_train": "track2_manifest_syspin_vctk/English_275.tsv",
            "ignored_speakers": null,
            "language": "English",
            "phonemizer": "",
            "meta_file_val": "",
            "meta_file_attn_mask": ""
        },
        {
            "formatter": "syspin_ml",
            "dataset_name": "",
            "path": "model_related_t2/English_234",
            "meta_file_train": "track2_manifest_syspin_vctk/English_234.tsv",
            "ignored_speakers": null,
            "language": "English",
            "phonemizer": "",
            "meta_file_val": "",
            "meta_file_attn_mask": ""
        },
        {
            "formatter": "syspin_ml",
            "dataset_name": "",
            "path": "model_related_t2/Chhattisgarhi_Male",
            "meta_file_train": "track2_manifest_syspin_vctk/Chhattisgarhi_Male.tsv",
            "ignored_speakers": null,
            "language": "Chhattisgarhi",
            "phonemizer": "",
            "meta_file_val": "",
            "meta_file_attn_mask": ""
        },
        {
            "formatter": "syspin_ml",
            "dataset_name": "",
            "path": "model_related_t2/English_345",
            "meta_file_train": "track2_manifest_syspin_vctk/English_345.tsv",
            "ignored_speakers": null,
            "language": "English",
            "phonemizer": "",
            "meta_file_val": "",
            "meta_file_attn_mask": ""
        },
        {
            "formatter": "syspin_ml",
            "dataset_name": "",
            "path": "model_related_t2/English_317",
            "meta_file_train": "track2_manifest_syspin_vctk/English_317.tsv",
            "ignored_speakers": null,
            "language": "English",
            "phonemizer": "",
            "meta_file_val": "",
            "meta_file_attn_mask": ""
        },
        {
            "formatter": "syspin_ml",
            "dataset_name": "",
            "path": "model_related_t2/Bengali_Female",
            "meta_file_train": "track2_manifest_syspin_vctk/Bengali_Female.tsv",
            "ignored_speakers": null,
            "language": "Bengali",
            "phonemizer": "",
            "meta_file_val": "",
            "meta_file_attn_mask": ""
        },
        {
            "formatter": "syspin_ml",
            "dataset_name": "",
            "path": "model_related_t2/English_263",
            "meta_file_train": "track2_manifest_syspin_vctk/English_263.tsv",
            "ignored_speakers": null,
            "language": "English",
            "phonemizer": "",
            "meta_file_val": "",
            "meta_file_attn_mask": ""
        },
        {
            "formatter": "syspin_ml",
            "dataset_name": "",
            "path": "model_related_t2/English_249",
            "meta_file_train": "track2_manifest_syspin_vctk/English_249.tsv",
            "ignored_speakers": null,
            "language": "English",
            "phonemizer": "",
            "meta_file_val": "",
            "meta_file_attn_mask": ""
        },
        {
            "formatter": "syspin_ml",
            "dataset_name": "",
            "path": "model_related_t2/English_256",
            "meta_file_train": "track2_manifest_syspin_vctk/English_256.tsv",
            "ignored_speakers": null,
            "language": "English",
            "phonemizer": "",
            "meta_file_val": "",
            "meta_file_attn_mask": ""
        },
        {
            "formatter": "syspin_ml",
            "dataset_name": "",
            "path": "model_related_t2/English_295",
            "meta_file_train": "track2_manifest_syspin_vctk/English_295.tsv",
            "ignored_speakers": null,
            "language": "English",
            "phonemizer": "",
            "meta_file_val": "",
            "meta_file_attn_mask": ""
        },
        {
            "formatter": "syspin_ml",
            "dataset_name": "",
            "path": "model_related_t2/English_335",
            "meta_file_train": "track2_manifest_syspin_vctk/English_335.tsv",
            "ignored_speakers": null,
            "language": "English",
            "phonemizer": "",
            "meta_file_val": "",
            "meta_file_attn_mask": ""
        },
        {
            "formatter": "syspin_ml",
            "dataset_name": "",
            "path": "model_related_t2/English_283",
            "meta_file_train": "track2_manifest_syspin_vctk/English_283.tsv",
            "ignored_speakers": null,
            "language": "English",
            "phonemizer": "",
            "meta_file_val": "",
            "meta_file_attn_mask": ""
        },
        {
            "formatter": "syspin_ml",
            "dataset_name": "",
            "path": "model_related_t2/English_313",
            "meta_file_train": "track2_manifest_syspin_vctk/English_313.tsv",
            "ignored_speakers": null,
            "language": "English",
            "phonemizer": "",
            "meta_file_val": "",
            "meta_file_attn_mask": ""
        },
        {
            "formatter": "syspin_ml",
            "dataset_name": "",
            "path": "model_related_t2/English_231",
            "meta_file_train": "track2_manifest_syspin_vctk/English_231.tsv",
            "ignored_speakers": null,
            "language": "English",
            "phonemizer": "",
            "meta_file_val": "",
            "meta_file_attn_mask": ""
        },
        {
            "formatter": "syspin_ml",
            "dataset_name": "",
            "path": "model_related_t2/English_250",
            "meta_file_train": "track2_manifest_syspin_vctk/English_250.tsv",
            "ignored_speakers": null,
            "language": "English",
            "phonemizer": "",
            "meta_file_val": "",
            "meta_file_attn_mask": ""
        },
        {
            "formatter": "syspin_ml",
            "dataset_name": "",
            "path": "model_related_t2/English_318",
            "meta_file_train": "track2_manifest_syspin_vctk/English_318.tsv",
            "ignored_speakers": null,
            "language": "English",
            "phonemizer": "",
            "meta_file_val": "",
            "meta_file_attn_mask": ""
        },
        {
            "formatter": "syspin_ml",
            "dataset_name": "",
            "path": "model_related_t2/English_233",
            "meta_file_train": "track2_manifest_syspin_vctk/English_233.tsv",
            "ignored_speakers": null,
            "language": "English",
            "phonemizer": "",
            "meta_file_val": "",
            "meta_file_attn_mask": ""
        },
        {
            "formatter": "syspin_ml",
            "dataset_name": "",
            "path": "model_related_t2/English_292",
            "meta_file_train": "track2_manifest_syspin_vctk/English_292.tsv",
            "ignored_speakers": null,
            "language": "English",
            "phonemizer": "",
            "meta_file_val": "",
            "meta_file_attn_mask": ""
        },
        {
            "formatter": "syspin_ml",
            "dataset_name": "",
            "path": "model_related_t2/Hindi_Female",
            "meta_file_train": "track2_manifest_syspin_vctk/Hindi_Female.tsv",
            "ignored_speakers": null,
            "language": "Hindi",
            "phonemizer": "",
            "meta_file_val": "",
            "meta_file_attn_mask": ""
        },
        {
            "formatter": "syspin_ml",
            "dataset_name": "",
            "path": "model_related_t2/English_323",
            "meta_file_train": "track2_manifest_syspin_vctk/English_323.tsv",
            "ignored_speakers": null,
            "language": "English",
            "phonemizer": "",
            "meta_file_val": "",
            "meta_file_attn_mask": ""
        },
        {
            "formatter": "syspin_ml",
            "dataset_name": "",
            "path": "model_related_t2/English_245",
            "meta_file_train": "track2_manifest_syspin_vctk/English_245.tsv",
            "ignored_speakers": null,
            "language": "English",
            "phonemizer": "",
            "meta_file_val": "",
            "meta_file_attn_mask": ""
        },
        {
            "formatter": "syspin_ml",
            "dataset_name": "",
            "path": "model_related_t2/English_314",
            "meta_file_train": "track2_manifest_syspin_vctk/English_314.tsv",
            "ignored_speakers": null,
            "language": "English",
            "phonemizer": "",
            "meta_file_val": "",
            "meta_file_attn_mask": ""
        },
        {
            "formatter": "syspin_ml",
            "dataset_name": "",
            "path": "model_related_t2/English_270",
            "meta_file_train": "track2_manifest_syspin_vctk/English_270.tsv",
            "ignored_speakers": null,
            "language": "English",
            "phonemizer": "",
            "meta_file_val": "",
            "meta_file_attn_mask": ""
        },
        {
            "formatter": "syspin_ml",
            "dataset_name": "",
            "path": "model_related_t2/English_293",
            "meta_file_train": "track2_manifest_syspin_vctk/English_293.tsv",
            "ignored_speakers": null,
            "language": "English",
            "phonemizer": "",
            "meta_file_val": "",
            "meta_file_attn_mask": ""
        },
        {
            "formatter": "syspin_ml",
            "dataset_name": "",
            "path": "model_related_t2/Bengali_Male",
            "meta_file_train": "track2_manifest_syspin_vctk/Bengali_Male.tsv",
            "ignored_speakers": null,
            "language": "Bengali",
            "phonemizer": "",
            "meta_file_val": "",
            "meta_file_attn_mask": ""
        },
        {
            "formatter": "syspin_ml",
            "dataset_name": "",
            "path": "model_related_t2/English_280",
            "meta_file_train": "track2_manifest_syspin_vctk/English_280.tsv",
            "ignored_speakers": null,
            "language": "English",
            "phonemizer": "",
            "meta_file_val": "",
            "meta_file_attn_mask": ""
        },
        {
            "formatter": "syspin_ml",
            "dataset_name": "",
            "path": "model_related_t2/English_305",
            "meta_file_train": "track2_manifest_syspin_vctk/English_305.tsv",
            "ignored_speakers": null,
            "language": "English",
            "phonemizer": "",
            "meta_file_val": "",
            "meta_file_attn_mask": ""
        },
        {
            "formatter": "syspin_ml",
            "dataset_name": "",
            "path": "model_related_t2/English_282",
            "meta_file_train": "track2_manifest_syspin_vctk/English_282.tsv",
            "ignored_speakers": null,
            "language": "English",
            "phonemizer": "",
            "meta_file_val": "",
            "meta_file_attn_mask": ""
        },
        {
            "formatter": "syspin_ml",
            "dataset_name": "",
            "path": "model_related_t2/Marathi_Female",
            "meta_file_train": "track2_manifest_syspin_vctk/Marathi_Female.tsv",
            "ignored_speakers": null,
            "language": "Marathi",
            "phonemizer": "",
            "meta_file_val": "",
            "meta_file_attn_mask": ""
        },
        {
            "formatter": "syspin_ml",
            "dataset_name": "",
            "path": "model_related_t2/English_259",
            "meta_file_train": "track2_manifest_syspin_vctk/English_259.tsv",
            "ignored_speakers": null,
            "language": "English",
            "phonemizer": "",
            "meta_file_val": "",
            "meta_file_attn_mask": ""
        },
        {
            "formatter": "syspin_ml",
            "dataset_name": "",
            "path": "model_related_t2/English_330",
            "meta_file_train": "track2_manifest_syspin_vctk/English_330.tsv",
            "ignored_speakers": null,
            "language": "English",
            "phonemizer": "",
            "meta_file_val": "",
            "meta_file_attn_mask": ""
        },
        {
            "formatter": "syspin_ml",
            "dataset_name": "",
            "path": "model_related_t2/Telugu_Male",
            "meta_file_train": "track2_manifest_syspin_vctk/Telugu_Male.tsv",
            "ignored_speakers": null,
            "language": "Telugu",
            "phonemizer": "",
            "meta_file_val": "",
            "meta_file_attn_mask": ""
        },
        {
            "formatter": "syspin_ml",
            "dataset_name": "",
            "path": "model_related_t2/English_361",
            "meta_file_train": "track2_manifest_syspin_vctk/English_361.tsv",
            "ignored_speakers": null,
            "language": "English",
            "phonemizer": "",
            "meta_file_val": "",
            "meta_file_attn_mask": ""
        },
        {
            "formatter": "syspin_ml",
            "dataset_name": "",
            "path": "model_related_t2/English_340",
            "meta_file_train": "track2_manifest_syspin_vctk/English_340.tsv",
            "ignored_speakers": null,
            "language": "English",
            "phonemizer": "",
            "meta_file_val": "",
            "meta_file_attn_mask": ""
        },
        {
            "formatter": "syspin_ml",
            "dataset_name": "",
            "path": "model_related_t2/Marathi_Male",
            "meta_file_train": "track2_manifest_syspin_vctk/Marathi_Male.tsv",
            "ignored_speakers": null,
            "language": "Marathi",
            "phonemizer": "",
            "meta_file_val": "",
            "meta_file_attn_mask": ""
        },
        {
            "formatter": "syspin_ml",
            "dataset_name": "",
            "path": "model_related_t2/English_Female",
            "meta_file_train": "track2_manifest_syspin_vctk/English_Female.tsv",
            "ignored_speakers": null,
            "language": "English",
            "phonemizer": "",
            "meta_file_val": "",
            "meta_file_attn_mask": ""
        },
        {
            "formatter": "syspin_ml",
            "dataset_name": "",
            "path": "model_related_t2/English_312",
            "meta_file_train": "track2_manifest_syspin_vctk/English_312.tsv",
            "ignored_speakers": null,
            "language": "English",
            "phonemizer": "",
            "meta_file_val": "",
            "meta_file_attn_mask": ""
        },
        {
            "formatter": "syspin_ml",
            "dataset_name": "",
            "path": "model_related_t2/English_247",
            "meta_file_train": "track2_manifest_syspin_vctk/English_247.tsv",
            "ignored_speakers": null,
            "language": "English",
            "phonemizer": "",
            "meta_file_val": "",
            "meta_file_attn_mask": ""
        },
        {
            "formatter": "syspin_ml",
            "dataset_name": "",
            "path": "model_related_t2/English_269",
            "meta_file_train": "track2_manifest_syspin_vctk/English_269.tsv",
            "ignored_speakers": null,
            "language": "English",
            "phonemizer": "",
            "meta_file_val": "",
            "meta_file_attn_mask": ""
        },
        {
            "formatter": "syspin_ml",
            "dataset_name": "",
            "path": "model_related_t2/English_261",
            "meta_file_train": "track2_manifest_syspin_vctk/English_261.tsv",
            "ignored_speakers": null,
            "language": "English",
            "phonemizer": "",
            "meta_file_val": "",
            "meta_file_attn_mask": ""
        },
        {
            "formatter": "syspin_ml",
            "dataset_name": "",
            "path": "model_related_t2/English_252",
            "meta_file_train": "track2_manifest_syspin_vctk/English_252.tsv",
            "ignored_speakers": null,
            "language": "English",
            "phonemizer": "",
            "meta_file_val": "",
            "meta_file_attn_mask": ""
        },
        {
            "formatter": "syspin_ml",
            "dataset_name": "",
            "path": "model_related_t2/English_362",
            "meta_file_train": "track2_manifest_syspin_vctk/English_362.tsv",
            "ignored_speakers": null,
            "language": "English",
            "phonemizer": "",
            "meta_file_val": "",
            "meta_file_attn_mask": ""
        },
        {
            "formatter": "syspin_ml",
            "dataset_name": "",
            "path": "model_related_t2/English_306",
            "meta_file_train": "track2_manifest_syspin_vctk/English_306.tsv",
            "ignored_speakers": null,
            "language": "English",
            "phonemizer": "",
            "meta_file_val": "",
            "meta_file_attn_mask": ""
        },
        {
            "formatter": "syspin_ml",
            "dataset_name": "",
            "path": "model_related_t2/English_239",
            "meta_file_train": "track2_manifest_syspin_vctk/English_239.tsv",
            "ignored_speakers": null,
            "language": "English",
            "phonemizer": "",
            "meta_file_val": "",
            "meta_file_attn_mask": ""
        },
        {
            "formatter": "syspin_ml",
            "dataset_name": "",
            "path": "model_related_t2/English_255",
            "meta_file_train": "track2_manifest_syspin_vctk/English_255.tsv",
            "ignored_speakers": null,
            "language": "English",
            "phonemizer": "",
            "meta_file_val": "",
            "meta_file_attn_mask": ""
        },
        {
            "formatter": "syspin_ml",
            "dataset_name": "",
            "path": "model_related_t2/English_339",
            "meta_file_train": "track2_manifest_syspin_vctk/English_339.tsv",
            "ignored_speakers": null,
            "language": "English",
            "phonemizer": "",
            "meta_file_val": "",
            "meta_file_attn_mask": ""
        },
        {
            "formatter": "syspin_ml",
            "dataset_name": "",
            "path": "model_related_t2/English_364",
            "meta_file_train": "track2_manifest_syspin_vctk/English_364.tsv",
            "ignored_speakers": null,
            "language": "English",
            "phonemizer": "",
            "meta_file_val": "",
            "meta_file_attn_mask": ""
        },
        {
            "formatter": "syspin_ml",
            "dataset_name": "",
            "path": "model_related_t2/English_264",
            "meta_file_train": "track2_manifest_syspin_vctk/English_264.tsv",
            "ignored_speakers": null,
            "language": "English",
            "phonemizer": "",
            "meta_file_val": "",
            "meta_file_attn_mask": ""
        },
        {
            "formatter": "syspin_ml",
            "dataset_name": "",
            "path": "model_related_t2/English_225",
            "meta_file_train": "track2_manifest_syspin_vctk/English_225.tsv",
            "ignored_speakers": null,
            "language": "English",
            "phonemizer": "",
            "meta_file_val": "",
            "meta_file_attn_mask": ""
        },
        {
            "formatter": "syspin_ml",
            "dataset_name": "",
            "path": "model_related_t2/English_347",
            "meta_file_train": "track2_manifest_syspin_vctk/English_347.tsv",
            "ignored_speakers": null,
            "language": "English",
            "phonemizer": "",
            "meta_file_val": "",
            "meta_file_attn_mask": ""
        },
        {
            "formatter": "syspin_ml",
            "dataset_name": "",
            "path": "model_related_t2/English_258",
            "meta_file_train": "track2_manifest_syspin_vctk/English_258.tsv",
            "ignored_speakers": null,
            "language": "English",
            "phonemizer": "",
            "meta_file_val": "",
            "meta_file_attn_mask": ""
        },
        {
            "formatter": "syspin_ml",
            "dataset_name": "",
            "path": "model_related_t2/English_278",
            "meta_file_train": "track2_manifest_syspin_vctk/English_278.tsv",
            "ignored_speakers": null,
            "language": "English",
            "phonemizer": "",
            "meta_file_val": "",
            "meta_file_attn_mask": ""
        }
    ],
    "test_sentences": [
        [
            "\u0915\u0932\u0915\u0924\u094d\u0924\u093e \u091c\u093e\u092f \u0916\u093e\u0924\u093f\u0930 \u092a\u0941\u0937\u094d\u092a\u093e \u0939 \u0911\u0928\u0932\u093e\u0907\u0928 \u091f\u093f\u0915\u093f\u091f \u0915\u0930\u0935\u093e\u092f \u0930\u093f\u0939\u093f\u0938 \u0939\u0935\u092f",
            "Chhattisgarhi_Female",
            null,
            "Chhattisgarhi"
        ],
        [
            "\u0915\u0932\u0915\u0924\u094d\u0924\u093e \u091c\u093e\u092f \u0916\u093e\u0924\u093f\u0930 \u092a\u0941\u0937\u094d\u092a\u093e \u0939 \u0911\u0928\u0932\u093e\u0907\u0928 \u091f\u093f\u0915\u093f\u091f \u0915\u0930\u0935\u093e\u092f \u0930\u093f\u0939\u093f\u0938 \u0939\u0935\u092f",
            "Chhattisgarhi_Male",
            null,
            "Chhattisgarhi"
        ],
        [
            "\u0c35\u0c21\u0c4d\u0c30\u0c02\u0c17\u0c3f, \u0c15\u0c4d\u0c37\u0c41\u0c30\u0c15 \u0c35\u0c43\u0c24\u0c4d\u0c24\u0c41\u0c32\u0c32\u0c4b \u0c2a\u0c46\u0c1f\u0c4d\u0c1f\u0c41\u0c2c\u0c21\u0c3f \u0c2a\u0c4d\u0c30\u0c27\u0c3e\u0c28\u0c2e\u0c48 \u0c07\u0c24\u0c30\u0c41\u0c32\u0c41 \u0c15\u0c42\u0c21\u0c3e \u0c08 \u0c35\u0c43\u0c24\u0c4d\u0c24\u0c3f\u0c32\u0c4b \u0c2a\u0c4d\u0c30\u0c35\u0c47\u0c36\u0c3f\u0c02\u0c1a\u0c3f \u0c35\u0c4d\u0c2f\u0c3e\u0c2a\u0c3e\u0c30\u0c02\u0c17\u0c3e \u0c2e\u0c3e\u0c30\u0c4d\u0c1a\u0c47\u0c38\u0c3e\u0c30",
            "Telugu_Male",
            null,
            "Telugu"
        ],
        [
            "\u0c35\u0c21\u0c4d\u0c30\u0c02\u0c17\u0c3f, \u0c15\u0c4d\u0c37\u0c41\u0c30\u0c15 \u0c35\u0c43\u0c24\u0c4d\u0c24\u0c41\u0c32\u0c32\u0c4b \u0c2a\u0c46\u0c1f\u0c4d\u0c1f\u0c41\u0c2c\u0c21\u0c3f \u0c2a\u0c4d\u0c30\u0c27\u0c3e\u0c28\u0c2e\u0c48 \u0c07\u0c24\u0c30\u0c41\u0c32\u0c41 \u0c15\u0c42\u0c21\u0c3e \u0c08 \u0c35\u0c43\u0c24\u0c4d\u0c24\u0c3f\u0c32\u0c4b \u0c2a\u0c4d\u0c30\u0c35\u0c47\u0c36\u0c3f\u0c02\u0c1a\u0c3f \u0c35\u0c4d\u0c2f\u0c3e\u0c2a\u0c3e\u0c30\u0c02\u0c17\u0c3e \u0c2e\u0c3e\u0c30\u0c4d\u0c1a\u0c47\u0c38\u0c3e\u0c30",
            "Telugu_Female",
            null,
            "Telugu"
        ],
        [
            "\u0915\u0941\u091b \u0938\u092e\u092f \u092c\u093e\u0926 \u0935\u0947 \u0905\u0938\u0939\u093e\u092c\u0947 \u0938\u0941\u095e\u094d\u095e\u093e\u0939 \u0915\u0947 \u0928\u093e\u092e \u0938\u0947 \u092a\u094d\u0930\u0938\u093f\u0926\u094d\u0927 \u0939\u094b \u0917\u090f\u0964",
            "Hindi_Male",
            null,
            "Hindi"
        ],
        [
            "\u0915\u0941\u091b \u0938\u092e\u092f \u092c\u093e\u0926 \u0935\u0947 \u0905\u0938\u0939\u093e\u092c\u0947 \u0938\u0941\u095e\u094d\u095e\u093e\u0939 \u0915\u0947 \u0928\u093e\u092e \u0938\u0947 \u092a\u094d\u0930\u0938\u093f\u0926\u094d\u0927 \u0939\u094b \u0917\u090f\u0964",
            "Hindi_Female",
            null,
            "Hindi"
        ],
        [
            "\u091c\u093e\u092f\u0915\u0935\u093e\u0921\u0940 \u0927\u0930\u0923\u093e\u0924\u0942\u0928 \u0924\u092c\u094d\u092c\u0932 \u0905\u0921\u0940\u091a \u0924\u0947 \u0924\u0940\u0928 \u0932\u093e\u0916 \u0939\u0947\u0915\u094d\u091f\u0930 \u0936\u0947\u0924\u0940\u091a\u094d\u092f\u093e \u0938\u093f\u0902\u091a\u0928\u093e\u0938\u093e\u0920\u0940 \u092a\u093e\u0923\u0940 \u0938\u094b\u0921\u0932\u0902 \u091c\u093e\u0924\u0902",
            "Marathi_Male",
            null,
            "Marathi"
        ],
        [
            "\u091c\u093e\u092f\u0915\u0935\u093e\u0921\u0940 \u0927\u0930\u0923\u093e\u0924\u0942\u0928 \u0924\u092c\u094d\u092c\u0932 \u0905\u0921\u0940\u091a \u0924\u0947 \u0924\u0940\u0928 \u0932\u093e\u0916 \u0939\u0947\u0915\u094d\u091f\u0930 \u0936\u0947\u0924\u0940\u091a\u094d\u092f\u093e \u0938\u093f\u0902\u091a\u0928\u093e\u0938\u093e\u0920\u0940 \u092a\u093e\u0923\u0940 \u0938\u094b\u0921\u0932\u0902 \u091c\u093e\u0924\u0902",
            "Marathi_Female",
            null,
            "Marathi"
        ],
        [
            "\u0cb9\u0cb8\u0ccd\u0ca6\u0cc7\u0cb5\u0ccd \u0ca8\u0ca6\u0cbf, \u0cb0\u0cbf\u0cb9\u0c82\u0ca1\u0ccd \u0ca8\u0ca6\u0cbf \u0cae\u0ca4\u0ccd\u0ca4\u0cc1 \u0c95\u0ca8\u0ccd\u0cb9\u0cb0\u0ccd \u0ca8\u0ca6\u0cbf\u0c97\u0cb3\u0cc1 \u0cb8\u0cc1\u0cb0\u0ccd\u0c97\u0cc1\u0c9c\u0cbe\u0ca6 \u0cae\u0cc1\u0c96\u0c9c \u0cad\u0cc2\u0cae\u0cbf\u0caf\u0cb2\u0ccd\u0cb2\u0cbf \u0cb9\u0cb0\u0cbf\u0caf\u0cc1\u0ca4\u0ccd\u0ca4\u0cb5\u0cc6.",
            "Kannada_Female",
            null,
            "Kannada"
        ],
        [
            "\u0cb9\u0cb8\u0ccd\u0ca6\u0cc7\u0cb5\u0ccd \u0ca8\u0ca6\u0cbf, \u0cb0\u0cbf\u0cb9\u0c82\u0ca1\u0ccd \u0ca8\u0ca6\u0cbf \u0cae\u0ca4\u0ccd\u0ca4\u0cc1 \u0c95\u0ca8\u0ccd\u0cb9\u0cb0\u0ccd \u0ca8\u0ca6\u0cbf\u0c97\u0cb3\u0cc1 \u0cb8\u0cc1\u0cb0\u0ccd\u0c97\u0cc1\u0c9c\u0cbe\u0ca6 \u0cae\u0cc1\u0c96\u0c9c \u0cad\u0cc2\u0cae\u0cbf\u0caf\u0cb2\u0ccd\u0cb2\u0cbf \u0cb9\u0cb0\u0cbf\u0caf\u0cc1\u0ca4\u0ccd\u0ca4\u0cb5\u0cc6.",
            "Kannada_Male",
            null,
            "Kannada"
        ],
        [
            "\u09a8\u09bf\u09ae\u09cd\u09a8\u09cb\u0995\u09cd\u09a4 \u09b8\u09be\u09b0\u09a3\u09bf \u0985\u09ac\u09b2\u09ae\u09cd\u09ac\u09a8\u09c7 \u09ad\u09be\u09b0\u09a4\u09c0\u09df \u09ac\u09cd\u09af\u09ac\u09b8\u09cd\u09a5\u09be\u09df \u099c\u09c0\u09ac\u09bf\u0995\u09be\u09b0 \u0995\u09be\u09a0\u09be\u09ae\u09cb\u09b0 \u098f\u0995\u099f\u09bf \u09aa\u09be\u0987 \u099a\u09bf\u09a4\u09cd\u09b0 \u09a4\u09c8\u09b0\u09bf \u0995\u09b0\u09cb  \u0995\u09c3\u09b7\u09bf \u09ad\u09b0\u09cd\u09a4\u09c1\u0995\u09bf\u09b0 \u09aa\u0995\u09cd\u09b7\u09c7 \u098f\u09ac\u0982 \u09ac\u09bf\u09aa\u0995\u09cd\u09b7\u09c7\u09b0 \u09af\u09c1\u0995\u09cd\u09a4\u09bf\u0997\u09c1\u09b2\u09cb \u09aa\u09b0\u09cd\u09af\u09be\u09b2\u09cb\u099a\u09a8\u09be \u0995\u09b0\u09cb\u0964",
            "Bengali_Female",
            null,
            "Bengali"
        ],
        [
            "\u09a8\u09bf\u09ae\u09cd\u09a8\u09cb\u0995\u09cd\u09a4 \u09b8\u09be\u09b0\u09a3\u09bf \u0985\u09ac\u09b2\u09ae\u09cd\u09ac\u09a8\u09c7 \u09ad\u09be\u09b0\u09a4\u09c0\u09df \u09ac\u09cd\u09af\u09ac\u09b8\u09cd\u09a5\u09be\u09df \u099c\u09c0\u09ac\u09bf\u0995\u09be\u09b0 \u0995\u09be\u09a0\u09be\u09ae\u09cb\u09b0 \u098f\u0995\u099f\u09bf \u09aa\u09be\u0987 \u099a\u09bf\u09a4\u09cd\u09b0 \u09a4\u09c8\u09b0\u09bf \u0995\u09b0\u09cb  \u0995\u09c3\u09b7\u09bf \u09ad\u09b0\u09cd\u09a4\u09c1\u0995\u09bf\u09b0 \u09aa\u0995\u09cd\u09b7\u09c7 \u098f\u09ac\u0982 \u09ac\u09bf\u09aa\u0995\u09cd\u09b7\u09c7\u09b0 \u09af\u09c1\u0995\u09cd\u09a4\u09bf\u0997\u09c1\u09b2\u09cb \u09aa\u09b0\u09cd\u09af\u09be\u09b2\u09cb\u099a\u09a8\u09be \u0995\u09b0\u09cb\u0964",
            "Bengali_Male",
            null,
            "Bengali"
        ],
        [
            "the russian leader added that the united states and russia have a common interest in preventing nuclear proliferation, in north korea and elsewhere",
            "English_Male",
            null,
            "English"
        ],
        [
            "the russian leader added that the united states and russia have a common interest in preventing nuclear proliferation, in north korea and elsewhere",
            "English_Female",
            null,
            "English"
        ]
    ],
    "eval_split_max_size": 256,
    "eval_split_size": 0.01,
    "use_speaker_weighted_sampler": false,
    "speaker_weighted_sampler_alpha": 1.0,
    "use_language_weighted_sampler": false,
    "language_weighted_sampler_alpha": 1.0,
    "use_length_weighted_sampler": false,
    "length_weighted_sampler_alpha": 1.0,
    "model_args": {
        "num_chars": 414,
        "out_channels": 513,
        "spec_segment_size": 32,
        "hidden_channels": 192,
        "hidden_channels_ffn_text_encoder": 768,
        "num_heads_text_encoder": 2,
        "num_layers_text_encoder": 10,
        "kernel_size_text_encoder": 3,
        "dropout_p_text_encoder": 0.1,
        "dropout_p_duration_predictor": 0.5,
        "kernel_size_posterior_encoder": 5,
        "dilation_rate_posterior_encoder": 1,
        "num_layers_posterior_encoder": 16,
        "kernel_size_flow": 5,
        "dilation_rate_flow": 1,
        "num_layers_flow": 4,
        "resblock_type_decoder": "2",
        "resblock_kernel_sizes_decoder": [
            3,
            7,
            11
        ],
        "resblock_dilation_sizes_decoder": [
            [
                1,
                3,
                5
            ],
            [
                1,
                3,
                5
            ],
            [
                1,
                3,
                5
            ]
        ],
        "upsample_rates_decoder": [
            8,
            8,
            2,
            2
        ],
        "upsample_initial_channel_decoder": 512,
        "upsample_kernel_sizes_decoder": [
            16,
            16,
            4,
            4
        ],
        "periods_multi_period_discriminator": [
            2,
            3,
            5,
            7,
            11
        ],
        "use_sdp": true,
        "noise_scale": 1.0,
        "inference_noise_scale": 0.667,
        "length_scale": 1.0,
        "noise_scale_dp": 1.0,
        "inference_noise_scale_dp": 1.0,
        "max_inference_len": null,
        "init_discriminator": true,
        "use_spectral_norm_disriminator": false,
        "use_speaker_embedding": false,
        "num_speakers": 0,
        "speakers_file": "/content/drive/MyDrive/LIMMITS_7languages_1000epochs/speakers.pth",
        "d_vector_file": [
    
  "/content/drive/MyDrive/Dis-vector-final-output/Tabel_1_monolingual_voice_conversion/Hindi/pitch_conversion/modified_speakers_pitch.pth"
 
  ],
        "speaker_embedding_channels": 256,
        "use_d_vector_file": true,
        "d_vector_dim": 512,
        "detach_dp_input": true,
        "use_language_embedding": true,
        "embedded_language_dim": 4,
        "num_languages": 7,
        "language_ids_file": "/content/drive/MyDrive/LIMMITS_7languages_1000epochs/language_ids.json",
        "use_speaker_encoder_as_loss": false,
        "speaker_encoder_config_path": "https://github.com/coqui-ai/TTS/releases/download/speaker_encoder_model/config_se.json",
        "speaker_encoder_model_path": "https://github.com/coqui-ai/TTS/releases/download/speaker_encoder_model/model_se.pth.tar",
        "condition_dp_on_speaker": true,
        "freeze_encoder": false,
        "freeze_DP": false,
        "freeze_PE": false,
        "freeze_flow_decoder": false,
        "freeze_waveform_decoder": false,
        "encoder_sample_rate": null,
        "interpolate_z": true,
        "reinit_DP": false,
        "reinit_text_encoder": false
    },
    "lr_gen": 0.0002,
    "lr_disc": 0.0002,
    "lr_scheduler_gen": "ExponentialLR",
    "lr_scheduler_gen_params": {
        "gamma": 0.999875,
        "last_epoch": -1
    },
    "lr_scheduler_disc": "ExponentialLR",
    "lr_scheduler_disc_params": {
        "gamma": 0.999875,
        "last_epoch": -1
    },
    "kl_loss_alpha": 1.0,
    "disc_loss_alpha": 1.0,
    "gen_loss_alpha": 1.0,
    "feat_loss_alpha": 1.0,
    "mel_loss_alpha": 45.0,
    "dur_loss_alpha": 1.0,
    "speaker_encoder_loss_alpha": 9.0,
    "return_wav": true,
    "use_weighted_sampler": true,
    "weighted_sampler_attrs": {},
    "weighted_sampler_multipliers": {},
    "r": 1,
    "num_speakers": 0,
    "use_speaker_embedding": false,
    "speakers_file": "/content/drive/MyDrive/LIMMITS_7languages_1000epochs/speakers.pth",
    "speaker_embedding_channels": 256,
    "language_ids_file": "/content/drive/MyDrive/LIMMITS_7languages_1000epochs/language_ids.json",
    "use_language_embedding": true,
    "use_d_vector_file": true,
    "d_vector_file": [
  "/content/drive/MyDrive/Dis-vector-final-output/Tabel_1_monolingual_voice_conversion/Hindi/pitch_conversion/modified_speakers_pitch.pth"
 
  ],
    "d_vector_dim": 512
}